{
    "parameter": [
        {
            "src_lng": 78.529764,
            "src_lat": 19.679885,
            "dest_lng": 78.422012,
            "dest_lat": 19.669093
        }
    ]
}